﻿Designator,Footprint,Quantity,Value,LCSC Part #
C1,0805,1,"2,2nF",
"H1, H2, H3, H4, H5, H6, H7, H8",MountingHole_3.2mm_M3_Pad_TopBottom,8,MountingHole,
J1,PinHeader_1x08_P2.54mm_Vertical,1,PicKit,
J10,BarrelJack_Horizontal,1,Barrel_Jack_Switch,
J12,GCT_USB4135-GF-A_REVA,1,USB4135-GF-A_REVA,
J2,GCT_USB4180-03-0120-C_REVA,1,USB4180-03-0120-C_REVA,
"J3, J4",PinHeader_1x08_P2.54mm_Vertical,2,CON,
"J5, J9",PinSocket_1x08_P2.54mm_Vertical,2,CON,
J6,SWEB 8094 RED,1,~,
J7,SWEB 8094 BLACK,1,~,
J8,"PhoenixContact_MC_1,5_3-G-3.81_1x03_P3.81mm_Horizontal",1,Conn_01x03_Pin,
R1,0805,1,1M,
"TP1, TP2, TP3",TestPoint_Pad_D1.5mm,3,TestPoint,
